<?xml version="1.0" encoding="UTF-8"?>
<configurationDescriptor version="65">
  <logicalFolder name="root" displayName="root" projectFiles="true">
    <logicalFolder name="HeaderFiles"
                   displayName="Header Files"
                   projectFiles="true">
      <logicalFolder name="CANopenNode" displayName="CANopenNode" projectFiles="true">
        <logicalFolder name="301" displayName="301" projectFiles="true">
          <itemPath>../../CANopenPIC/CANopenNode/301/CO_config.h</itemPath>
          <itemPath>../../CANopenPIC/CANopenNode/301/CO_driver.h</itemPath>
          <itemPath>../../CANopenPIC/CANopenNode/301/CO_ODinterface.h</itemPath>
          <itemPath>../../CANopenPIC/CANopenNode/301/CO_NMT_Heartbeat.h</itemPath>
          <itemPath>../../CANopenPIC/CANopenNode/301/CO_HBconsumer.h</itemPath>
          <itemPath>../../CANopenPIC/CANopenNode/301/CO_Emergency.h</itemPath>
          <itemPath>../../CANopenPIC/CANopenNode/301/CO_SDOserver.h</itemPath>
          <itemPath>../../CANopenPIC/CANopenNode/301/CO_TIME.h</itemPath>
          <itemPath>../../CANopenPIC/CANopenNode/301/CO_SYNC.h</itemPath>
          <itemPath>../../CANopenPIC/CANopenNode/301/CO_PDO.h</itemPath>
          <itemPath>../../CANopenPIC/CANopenNode/301/crc16-ccitt.h</itemPath>
        </logicalFolder>
        <logicalFolder name="303" displayName="303" projectFiles="true">
          <itemPath>../../CANopenPIC/CANopenNode/303/CO_LEDs.h</itemPath>
        </logicalFolder>
        <logicalFolder name="305" displayName="305" projectFiles="true">
          <itemPath>../../CANopenPIC/CANopenNode/305/CO_LSS.h</itemPath>
          <itemPath>../../CANopenPIC/CANopenNode/305/CO_LSSslave.h</itemPath>
        </logicalFolder>
        <logicalFolder name="storage" displayName="storage" projectFiles="true">
          <itemPath>../../CANopenPIC/CANopenNode/storage/CO_storage.h</itemPath>
          <itemPath>../../CANopenPIC/CANopenNode/storage/CO_eeprom.h</itemPath>
          <itemPath>../../CANopenPIC/CANopenNode/storage/CO_storageEeprom.h</itemPath>
        </logicalFolder>
        <itemPath>../../CANopenPIC/CANopenNode/CANopen.h</itemPath>
      </logicalFolder>
      <logicalFolder name="PIC32" displayName="PIC32" projectFiles="true">
        <itemPath>../../CANopenPIC/PIC32/CO_driver_target.h</itemPath>
        <itemPath>../../CANopenPIC/PIC32/CO_application.h</itemPath>
      </logicalFolder>
      <itemPath>CO_driver_custom.h</itemPath>
      <itemPath>CO_ident_defs.h</itemPath>
      <itemPath>peripheral.h</itemPath>
      <itemPath>../OD.h</itemPath>
      <itemPath>../CO_identificators.h</itemPath>
      <itemPath>../objectAccessOD.h</itemPath>
      <itemPath>../domainDemo.h</itemPath>
    </logicalFolder>
    <logicalFolder name="LinkerScript"
                   displayName="Linker Files"
                   projectFiles="true">
    </logicalFolder>
    <logicalFolder name="SourceFiles"
                   displayName="Source Files"
                   projectFiles="true">
      <logicalFolder name="CANopenNode" displayName="CANopenNode" projectFiles="true">
        <logicalFolder name="301" displayName="301" projectFiles="true">
          <itemPath>../../CANopenPIC/CANopenNode/301/CO_ODinterface.c</itemPath>
          <itemPath>../../CANopenPIC/CANopenNode/301/CO_NMT_Heartbeat.c</itemPath>
          <itemPath>../../CANopenPIC/CANopenNode/301/CO_HBconsumer.c</itemPath>
          <itemPath>../../CANopenPIC/CANopenNode/301/CO_Emergency.c</itemPath>
          <itemPath>../../CANopenPIC/CANopenNode/301/CO_SDOserver.c</itemPath>
          <itemPath>../../CANopenPIC/CANopenNode/301/CO_TIME.c</itemPath>
          <itemPath>../../CANopenPIC/CANopenNode/301/CO_SYNC.c</itemPath>
          <itemPath>../../CANopenPIC/CANopenNode/301/CO_PDO.c</itemPath>
          <itemPath>../../CANopenPIC/CANopenNode/301/crc16-ccitt.c</itemPath>
        </logicalFolder>
        <logicalFolder name="303" displayName="303" projectFiles="true">
          <itemPath>../../CANopenPIC/CANopenNode/303/CO_LEDs.c</itemPath>
        </logicalFolder>
        <logicalFolder name="305" displayName="305" projectFiles="true">
          <itemPath>../../CANopenPIC/CANopenNode/305/CO_LSSslave.c</itemPath>
        </logicalFolder>
        <logicalFolder name="storage" displayName="storage" projectFiles="true">
          <itemPath>../../CANopenPIC/CANopenNode/storage/CO_storage.c</itemPath>
          <itemPath>../../CANopenPIC/CANopenNode/storage/CO_storageEeprom.c</itemPath>
        </logicalFolder>
        <itemPath>../../CANopenPIC/CANopenNode/CANopen.c</itemPath>
      </logicalFolder>
      <logicalFolder name="PIC32" displayName="PIC32" projectFiles="true">
        <itemPath>../../CANopenPIC/PIC32/CO_driver.c</itemPath>
        <itemPath>../../CANopenPIC/PIC32/CO_eepromPIC32.c</itemPath>
        <itemPath>../../CANopenPIC/PIC32/CO_main_PIC32.c</itemPath>
      </logicalFolder>
      <itemPath>peripheral.c</itemPath>
      <itemPath>../OD.c</itemPath>
      <itemPath>../CO_application.c</itemPath>
      <itemPath>../CO_identificators.c</itemPath>
      <itemPath>../objectAccessOD.c</itemPath>
      <itemPath>../domainDemo.c</itemPath>
    </logicalFolder>
    <logicalFolder name="ExternalFiles"
                   displayName="Important Files"
                   projectFiles="false">
      <itemPath>Makefile</itemPath>
    </logicalFolder>
  </logicalFolder>
  <sourceRootList>
    <Elem>../../CANopenPIC/PIC32</Elem>
    <Elem>../../CANopenPIC/CANopenNode</Elem>
    <Elem>..</Elem>
  </sourceRootList>
  <projectmakefile>Makefile</projectmakefile>
  <confs>
    <conf name="default" type="2">
      <toolsSet>
        <developmentServer>localhost</developmentServer>
        <targetDevice>PIC32MX795F512L</targetDevice>
        <targetHeader></targetHeader>
        <targetPluginBoard></targetPluginBoard>
        <platformTool>noID</platformTool>
        <languageToolchain>XC32</languageToolchain>
        <languageToolchainVersion>2.50</languageToolchainVersion>
        <platform>2</platform>
      </toolsSet>
      <packs>
        <pack name="PIC32MX_DFP" vendor="Microchip" version="1.5.259"/>
      </packs>
      <ScriptingSettings>
      </ScriptingSettings>
      <compileType>
        <linkerTool>
          <linkerLibItems>
          </linkerLibItems>
        </linkerTool>
        <archiverTool>
        </archiverTool>
        <loading>
          <useAlternateLoadableFile>false</useAlternateLoadableFile>
          <parseOnProdLoad>false</parseOnProdLoad>
          <alternateLoadableFile></alternateLoadableFile>
        </loading>
        <subordinates>
        </subordinates>
      </compileType>
      <makeCustomizationType>
        <makeCustomizationPreStepEnabled>false</makeCustomizationPreStepEnabled>
        <makeUseCleanTarget>false</makeUseCleanTarget>
        <makeCustomizationPreStep></makeCustomizationPreStep>
        <makeCustomizationPostStepEnabled>false</makeCustomizationPostStepEnabled>
        <makeCustomizationPostStep></makeCustomizationPostStep>
        <makeCustomizationPutChecksumInUserID>false</makeCustomizationPutChecksumInUserID>
        <makeCustomizationEnableLongLines>false</makeCustomizationEnableLongLines>
        <makeCustomizationNormalizeHexFile>false</makeCustomizationNormalizeHexFile>
      </makeCustomizationType>
      <C32>
        <property key="additional-warnings" value="false"/>
        <property key="addresss-attribute-use" value="false"/>
        <property key="enable-app-io" value="false"/>
        <property key="enable-omit-frame-pointer" value="false"/>
        <property key="enable-symbols" value="true"/>
        <property key="enable-unroll-loops" value="false"/>
        <property key="exclude-floating-point" value="false"/>
        <property key="extra-include-directories"
                  value=".;..;../../CANopenPIC/PIC32;../../CANopenPIC/CANopenNode"/>
        <property key="generate-16-bit-code" value="false"/>
        <property key="generate-micro-compressed-code" value="false"/>
        <property key="isolate-each-function" value="false"/>
        <property key="make-warnings-into-errors" value="false"/>
        <property key="optimization-level" value="-O1"/>
        <property key="place-data-into-section" value="false"/>
        <property key="post-instruction-scheduling" value="default"/>
        <property key="pre-instruction-scheduling" value="default"/>
        <property key="preprocessor-macros" value=""/>
        <property key="strict-ansi" value="false"/>
        <property key="support-ansi" value="false"/>
        <property key="toplevel-reordering" value=""/>
        <property key="unaligned-access" value=""/>
        <property key="use-cci" value="false"/>
        <property key="use-iar" value="false"/>
        <property key="use-indirect-calls" value="false"/>
      </C32>
      <C32-AR>
        <property key="additional-options-chop-files" value="false"/>
      </C32-AR>
      <C32-AS>
        <property key="assembler-symbols" value=""/>
        <property key="enable-symbols" value="true"/>
        <property key="exclude-floating-point-library" value="false"/>
        <property key="expand-macros" value="false"/>
        <property key="extra-include-directories-for-assembler" value=""/>
        <property key="extra-include-directories-for-preprocessor" value=""/>
        <property key="false-conditionals" value="false"/>
        <property key="generate-16-bit-code" value="false"/>
        <property key="generate-micro-compressed-code" value="false"/>
        <property key="keep-locals" value="false"/>
        <property key="list-assembly" value="false"/>
        <property key="list-source" value="false"/>
        <property key="list-symbols" value="false"/>
        <property key="oXC32asm-list-to-file" value="false"/>
        <property key="omit-debug-dirs" value="false"/>
        <property key="omit-forms" value="false"/>
        <property key="preprocessor-macros" value=""/>
        <property key="warning-level" value=""/>
      </C32-AS>
      <C32-CO>
        <property key="coverage-enable" value=""/>
      </C32-CO>
      <C32-LD>
        <property key="additional-options-use-response-files" value="false"/>
        <property key="additional-options-write-sla" value="false"/>
        <property key="allocate-dinit" value="false"/>
        <property key="code-dinit" value="false"/>
        <property key="ebase-addr" value=""/>
        <property key="enable-check-sections" value="false"/>
        <property key="exclude-floating-point-library" value="false"/>
        <property key="exclude-standard-libraries" value="false"/>
        <property key="extra-lib-directories" value=""/>
        <property key="fill-flash-options-addr" value=""/>
        <property key="fill-flash-options-const" value=""/>
        <property key="fill-flash-options-how" value="0"/>
        <property key="fill-flash-options-inc-const" value="1"/>
        <property key="fill-flash-options-increment" value=""/>
        <property key="fill-flash-options-seq" value=""/>
        <property key="fill-flash-options-what" value="0"/>
        <property key="generate-16-bit-code" value="false"/>
        <property key="generate-cross-reference-file" value="false"/>
        <property key="generate-micro-compressed-code" value="false"/>
        <property key="heap-size" value="10000"/>
        <property key="input-libraries" value=""/>
        <property key="kseg-length" value=""/>
        <property key="kseg-origin" value=""/>
        <property key="linker-symbols" value=""/>
        <property key="map-file" value="${DISTDIR}/${PROJECTNAME}.${IMAGE_TYPE}.map"/>
        <property key="no-device-startup-code" value="false"/>
        <property key="no-startup-files" value="false"/>
        <property key="oXC32ld-extra-opts" value=""/>
        <property key="optimization-level" value=""/>
        <property key="preprocessor-macros" value=""/>
        <property key="remove-unused-sections" value="false"/>
        <property key="report-memory-usage" value="false"/>
        <property key="serial-length" value=""/>
        <property key="serial-origin" value=""/>
        <property key="stack-size" value=""/>
        <property key="symbol-stripping" value=""/>
        <property key="trace-symbols" value=""/>
        <property key="warn-section-align" value="false"/>
      </C32-LD>
      <C32CPP>
        <property key="additional-warnings" value="false"/>
        <property key="addresss-attribute-use" value="false"/>
        <property key="check-new" value="false"/>
        <property key="eh-specs" value="true"/>
        <property key="enable-app-io" value="false"/>
        <property key="enable-omit-frame-pointer" value="false"/>
        <property key="enable-symbols" value="true"/>
        <property key="enable-unroll-loops" value="false"/>
        <property key="exceptions" value="true"/>
        <property key="exclude-floating-point" value="false"/>
        <property key="extra-include-directories" value=""/>
        <property key="generate-16-bit-code" value="false"/>
        <property key="generate-micro-compressed-code" value="false"/>
        <property key="isolate-each-function" value="false"/>
        <property key="make-warnings-into-errors" value="false"/>
        <property key="optimization-level" value=""/>
        <property key="place-data-into-section" value="false"/>
        <property key="post-instruction-scheduling" value="default"/>
        <property key="pre-instruction-scheduling" value="default"/>
        <property key="preprocessor-macros" value=""/>
        <property key="rtti" value="true"/>
        <property key="strict-ansi" value="false"/>
        <property key="toplevel-reordering" value=""/>
        <property key="unaligned-access" value=""/>
        <property key="use-cci" value="false"/>
        <property key="use-iar" value="false"/>
        <property key="use-indirect-calls" value="false"/>
      </C32CPP>
      <C32Global>
        <property key="common-include-directories" value=""/>
        <property key="gp-relative-option" value=""/>
        <property key="legacy-libc" value="false"/>
        <property key="mdtcm" value=""/>
        <property key="mitcm" value=""/>
        <property key="mstacktcm" value="false"/>
        <property key="omit-pack-options" value="1"/>
        <property key="relaxed-math" value="false"/>
        <property key="save-temps" value="false"/>
        <property key="wpo-lto" value="false"/>
        <appendMe value="-std=gnu99"/>
      </C32Global>
    </conf>
  </confs>
</configurationDescriptor>
